segment_ID,road_importance,nbr_carcasses,long_midpoint,lat_midpoint,length,distance_water_km,distance_amenity_km
4_1,minor_road,0,34.7917888384661,-2.7561803663858604,2492.973207517348,2.7564462224870274,1.46799412194758
4_2,minor_road,0,34.80605478530407,-2.7401278015239323,2490.383704099627,2.3636235652472695,3.16922009224697
4_3,minor_road,0,34.80182367289314,-2.724486381302946,2492.442805286417,2.289246630291953,3.73939832615869
4_4,minor_road,0,34.78603193635214,-2.7109573272908905,2402.6790766976455,2.7295674606375178,3.89071154945968
5_1,minor_road,0,34.76453097953989,-2.775746948363058,2490.7868097397677,1.8275591696998097,1.1959655080084202
5_2,minor_road,0,34.749688025269926,-2.779401213871545,2489.872344238323,0.24330342539696265,1.80121875162214
5_3,minor_road,0,34.745694005338294,-2.7596334199826584,2485.64777195315,0.3138521490373139,1.5434590013678
5_4,minor_road,0,34.7465832776875,-2.738764838849065,2487.4315836841156,0.1458891643337109,2.60326504281479
5_5,minor_road,0,34.754934427250184,-2.7198022896715113,2489.147316039655,0.11237611066425464,3.41883916596826
5_6,minor_road,0,34.765949619473936,-2.701441815923211,2488.706902379824,0.30910364779787913,4.80621023166124
5_7,minor_road,0,34.77706154070512,-2.6829858806180154,2389.709774800252,0.4411212892829978,5.01257490846557
6_1,minor_road,0,34.78754494566964,-2.6495718449863466,2486.233858716456,0.5390294052535722,5.69863449879196
6_2,minor_road,0,34.78202662741412,-2.6706578542562927,2485.3045273430366,0.5413294530329834,5.29435660189639
6_3,minor_road,0,34.78118836435399,-2.693002067110008,2485.453697518043,1.248025892168975,5.70180378522851
6_4,minor_road,1,34.77667912996686,-2.7144235424995538,2485.4460849450734,2.0417310329177627,3.29185239816996
6_5,minor_road,0,34.77773500150147,-2.736869791878378,2485.8015891423092,1.3749372731592882,0.887069479278075
6_6,minor_road,0,34.78054724058079,-2.7541285036580745,2490.019081019576,1.4977103718815843,0.366169395512986
6_7,minor_road,0,34.76747402738093,-2.7672171607162883,2361.868214108307,1.9810185221568903,0.89502029348957
7_1,minor_road,0,34.732513446857716,-2.344894658592138,2488.4269764358255,0.02096465148419317,2.9550117639442903
7_2,minor_road,0,34.72329712550715,-2.3646855732074266,2485.682685094226,0.7511466265511761,3.0316957821632
7_3,minor_road,0,34.71508056328822,-2.380309908231296,2494.803010216949,0.5416186457728488,1.39917160122572
8_1,minor_road,2,34.86986206128568,-2.4521324075622117,2491.8040840379776,0.506064057236439,1.1095051385572001
8_2,minor_road,1,34.888279224204105,-2.4635230348356245,2493.2090575913853,0.823269684074323,3.1777149335241
8_3,minor_road,0,34.88737252664457,-2.480931113660802,2493.347728862298,0.07153857826723418,4.0457450755873605
9_1,minor_road,0,34.87293136970782,-2.4671313026992436,2491.3360832340777,1.3818964033458478,1.8307349832218398
9_2,minor_road,1,34.856818882507866,-2.481798312475593,2494.8797486919434,0.2206485086076904,2.87751003145774
9_3,minor_road,1,34.83648247061875,-2.487665711223338,2497.9600643929007,0.077806021506497125,3.7724756602634804
9_4,minor_road,0,34.81539337051914,-2.483243191807142,2493.3410472121345,0.0982259127467192,2.90090125285752
9_5,minor_road,0,34.80628491756914,-2.4637005294916587,2487.488106758194,0.11296683541162653,1.72974106889603
10_1,minor_road,0,34.789240503418064,-2.4270003098097193,2498.198715080027,1.1844915096244464,2.61852174948836
10_2,minor_road,0,34.76776695071501,-2.420862329357236,2497.341806362514,1.9082845196245333,4.04798175337418
10_3,minor_road,0,34.74709412467391,-2.4138838848200694,2494.34303973806,0.20273014707597037,4.23548743434278
10_4,minor_road,0,34.731607449633444,-2.3988671843894096,2491.4900786410303,0.14605032612286853,3.33200439331039
12_1,minor_road,0,35.10006616461379,-2.751506751425405,2494.779920640489,6.395571671988423,6.90428921137369
12_2,minor_road,0,35.08267887067682,-2.7413566583827333,2102.7644155461994,8.437497932963673,8.90762264219591
14_1,minor_road,0,34.92240830435824,-2.54042030505577,2490.4560939698345,1.336011710146925,10.579017798814
15_1,minor_road,0,35.08794921687604,-2.760001592367352,2488.4572090455217,7.767490108665493,6.95000764528974
15_2,minor_road,0,35.076912983928835,-2.740550477372752,2489.526859052581,9.084584062347997,9.375214382161161
18_1,minor_road,0,34.960990485255984,-2.678524803856159,2492.3257345187726,3.225144571268941,12.1949701335492
18_2,minor_road,0,34.95418279960368,-2.6976589263751816,2489.1987556633044,1.5416345951712902,10.2826870776085
19_1,minor_road,0,34.980680516412164,-2.6781283108704272,2497.793256207409,5.043401012618627,12.0880223598508
19_2,minor_road,0,35.00194836929729,-2.684458528975613,2496.60624593031,7.034334614232775,11.6839204413697
19_3,minor_road,0,35.02114676637852,-2.6957810811696925,2496.027801594879,8.986095273254714,11.1953748929796
19_4,minor_road,0,35.04150815684181,-2.6999197609841503,2495.006707415252,9.959408965851312,11.9561156299547
20_1,minor_road,0,35.06152134472699,-2.7165239794721767,2485.596040984708,11.446265123721671,12.124386393864999
20_2,minor_road,0,35.05656259372372,-2.7376474114434077,2486.244311791353,11.369635806921709,10.289339495112799
20_3,minor_road,0,35.04874017782512,-2.7583402707939584,2487.1856555591085,12.107536296154528,8.45388639053189
20_4,minor_road,0,35.04193562100552,-2.7796089744253103,2486.670087486001,13.16572002015535,7.04148301741686
20_5,minor_road,0,35.029933492912825,-2.798027783759781,2489.084083779809,14.2447622086778,4.61420059095797
21_1,minor_road,0,34.77543797967968,-2.6499558937865246,2491.386478211679,0.3963214722261536,4.97661018429117
23_1,minor_road,0,34.7948409361033,-2.510201689892894,2491.5935348177068,0.11311031570806684,2.28799405949324
23_2,minor_road,0,34.78248781993887,-2.5266214813086503,2486.9684123853526,0.11642536302501892,0.9072069361870679
23_3,minor_road,0,34.78562047039118,-2.545693496911511,2488.978420926754,1.355823920595183,1.4491656629582998
23_4,minor_road,0,34.79943959110333,-2.561748073556128,2489.8660797197813,1.4855800985212866,3.7770208309171
23_5,minor_road,0,34.791503842396594,-2.5823898248961803,2486.764618279155,3.423667794483815,2.96216916073761
23_6,minor_road,0,34.78655041531455,-2.604221273140786,2486.669095475432,2.96195454813965,2.2496722806961102
23_7,minor_road,0,34.77680943507915,-2.6227684021701236,2489.131009711998,0.9582911295285006,2.6150404085120997
25_1,minor_road,0,34.8999045323925,-2.6702393636929846,2495.9068988025806,1.0923059898389502,10.1026249819282
26_1,minor_road,0,34.82051747676982,-2.547177336011623,2496.5324938918156,0.44396441512057794,4.7967713559190095
26_2,minor_road,0,34.83013393412634,-2.5311931539165635,2486.1917592100745,0.12164327734427656,5.65632982984739
27_1,minor_road,0,34.78088266319902,-2.626011975763595,2490.1253955239354,0.5580622572680864,3.18919918858287
27_2,minor_road,0,34.79889667295046,-2.624733990656987,2495.4147525000662,0.34336216805861997,4.58337363547211
27_3,minor_road,0,34.81729117433665,-2.6178511967391023,2490.5251786830813,0.079236515890085693,5.97633744789462
27_4,minor_road,0,34.813990553241304,-2.598233800768423,2487.5247468538573,2.277764276975972,5.20078007010095
27_5,minor_road,0,34.80531143943005,-2.578378839087182,2332.856440356733,2.075884082119738,4.55384208734248
28_1,minor_road,0,34.81985141274891,-2.5069637426300746,2488.2951480748316,0.08654479608198334,4.9873794689568705
29_1,minor_road,0,34.85855032390939,-2.461728379323979,2283.2687371096104,1.8490386946159576,0.669465186567649
33_1,minor_road,0,34.90099910256017,-2.465751733877965,2496.477596062264,1.056710059542587,4.60969007771784
34_1,minor_road,0,34.92837727782438,-2.5024803984953232,2491.7871829872747,1.0902242121753416,6.38423223020943
34_2,minor_road,0,34.947511450414225,-2.5124773961348392,2493.115921211023,0.9148614640264778,7.08093004023088
39_1,minor_road,0,34.91236121922888,-2.5494093147607586,2492.3199139808635,0.09505102035408512,11.8135403416114
40_1,minor_road,0,34.82013947281165,-2.499834262144577,2487.0183994564377,0.15623241566725254,4.67786141248125
40_2,minor_road,0,34.82873753258228,-2.519999223416767,2487.071023888285,0.11542197105143494,5.71135947780056
40_3,minor_road,0,34.83245528927434,-2.541466472086801,2488.542011620637,0.2171835246392291,5.95912545835488
40_4,minor_road,0,34.845716520641446,-2.557152870096425,2494.3420421155083,0.1189825853394612,7.8037416122300804
41_1,minor_road,2,34.82024073649544,-2.429464621914836,2492.1128755177283,1.47286616508387,0.5102265500253
41_2,minor_road,2,34.84081306398779,-2.428904922090439,2496.9811420252963,2.7251614164367184,1.28676251736263
41_3,minor_road,0,34.860133522336916,-2.4200901395952084,2495.1267026236865,0.37472283764216296,0.144350225360703
42_1,minor_road,0,34.621882919538116,-2.253363554059051,2498.342058205025,0.7879120383631634,6.67093355080545
43_1,minor_road,0,34.566112654994576,-2.282018972134192,2145.836032328523,0.04233147773508404,0.288914040425082
44_1,minor_road,0,34.623861522444166,-2.4173130335032993,2490.9025416413474,0.4993806317107736,0.698624632662601
44_2,minor_road,0,34.61479507948228,-2.4003571712139817,2492.6460820946377,0.7188748439839671,0.7387886697893079
47_1,minor_road,0,34.80132238229718,-2.439872852015706,2488.749137273203,0.10627405313196688,0.915376400055221
47_2,minor_road,0,34.80747067892263,-2.422182677274411,2491.22017879977,0.06871814845985387,1.4096777607885198
47_3,minor_road,0,34.81716433820081,-2.403459208247296,2487.768648291386,0.10455767580296788,1.6648662433577
48_1,minor_road,0,34.761446282008194,-2.3632859644688065,2492.4601741260312,0.40862045026508104,0.88714807974484
48_2,minor_road,0,34.759252146188444,-2.3785809372735263,2486.7412108297067,0.10438957171932409,2.39949718791221
48_3,minor_road,0,34.76567819503357,-2.3995853955259836,2485.8340491040803,1.7668322492320696,4.04058501011799
49_1,minor_road,0,34.80350417203633,-2.351258895508114,2491.4650378853185,1.3916184674431502,1.4764332496662
50_1,minor_road,0,34.769819505153826,-2.4813720433946584,2489.8467858481754,3.9431922700109534,1.21959323090577
50_2,minor_road,0,34.76323672592733,-2.4616139614905928,2487.881045278813,3.797762752036838,1.80279097004288
50_3,minor_road,0,34.76094122895588,-2.440995306968321,2487.5091214184677,1.6506048756718312,1.8922100249553802
51_1,minor_road,0,34.81353039232439,-2.3729950485687725,2491.506009525212,0.23534629672247148,1.12945617468501
51_2,minor_road,0,34.80029797867775,-2.3629510053076244,2492.55613920536,0.2397776143085641,0.7486917456406631
51_3,minor_road,0,34.784972324128915,-2.3538674979288468,2489.3335462502196,0.237343132961188,2.6941236726768603
51_4,minor_road,0,34.78496724634563,-2.333666410845728,2490.5073185040437,0.13610008593450693,1.1172153014880501
51_5,minor_road,0,34.79043140547704,-2.320366116254617,2489.5224888343514,0.19175943913233995,1.66670196336508
53_1,minor_road,0,35.05384731796494,-2.3148987797170677,2495.3192800614165,0.4429273721363645,12.9580223026227
53_2,minor_road,0,35.03307668542695,-2.3111307588024923,2496.141009352194,1.4257704694335378,11.820121114389
53_3,minor_road,0,35.0149813944475,-2.3014475842078186,2495.418044938884,0.04801393920360751,9.80832352260596
53_4,minor_road,0,34.9969107876129,-2.2925656500943044,2494.926030293355,1.1829264274865283,8.02356079275955
53_5,minor_road,0,34.97606284076284,-2.2917333374897,2496.081290148489,1.0181464225273724,7.26159199929796
53_6,minor_road,0,34.95782965360162,-2.302574955143967,2496.693640477752,0.0500389536404745,5.23039100433372
53_7,minor_road,0,34.937059642518655,-2.3009199211617832,2495.4026788906217,0.1037374351241334,2.91402824363532
54_1,minor_road,0,34.971661551157965,-2.1558131567354835,2497.4059677584037,0.179142742175975,7.4368224695493
55_1,minor_road,0,34.777594964591955,-2.502913206670269,2491.209303174452,1.7553338534412408,0.328358133397541
55_2,minor_road,0,34.76178239082207,-2.5176767601814487,2489.0957760704086,1.2421957579192762,2.07870110146416
56_1,minor_road,0,34.77016970310345,-2.540658184883381,2497.5767589676293,1.5931914870127546,1.16749454544644
56_2,minor_road,0,34.74839421777595,-2.544506604734464,2498.047086852655,3.057208681393163,2.34996234205153
57_1,minor_road,0,35.20967795654805,-2.0047407183834234,2493.3516103801076,0.5560622321080532,0.899188199539067
59_1,minor_road,0,35.148601326130084,-2.019779977764371,2495.5674478909077,0.665167822506852,1.50592657695567
64_1,minor_road,0,34.82322255134909,-2.350376975067699,2218.472476013326,1.5836824675378822,0.7258756959253
65_1,minor_road,1,34.84697571106315,-2.344357085684056,2413.038627520323,1.6348431126224163,0.183937542798838
66_1,minor_road,0,34.962132651122005,-2.2081880221414716,2498.4714516251165,0.5949674367657629,1.8101304243596001
66_2,minor_road,0,34.94193229310795,-2.2121152231088246,2496.210837662261,0.29745190520661,3.1130738156286997
66_3,minor_road,0,34.92545958755987,-2.218973056814978,2170.0233064512627,0.37093367967716906,1.68686159128309
67_1,minor_road,0,34.97135879406524,-2.2264197049885976,2299.554491176479,0.14323625082868166,0.223055352913613
68_1,minor_road,0,34.95148761062978,-2.237902899171889,2489.222386601249,0.5622005772629017,2.29522919104472
68_2,minor_road,0,34.957264096162746,-2.2184452005038016,2489.1222511183532,0.2252885480744255,1.27201663187576
68_3,minor_road,0,34.969682559312716,-2.2002385762479513,2488.7798909635685,1.1146160548839714,2.60123697185841
68_4,minor_road,0,34.9798744633564,-2.1803148962616667,2487.4789119986626,0.7766018076688465,4.9875599477887596
70_1,minor_road,0,34.84337665515072,-2.1979553061835864,2498.439028088168,0.4547457485291964,8.019373540617881
70_2,minor_road,0,34.86358065743771,-2.204418724927937,2496.024434544877,0.45504796798680264,6.57033564606467
70_3,minor_road,0,34.8811805478375,-2.2151908808085476,2352.705955635908,0.2087692003824144,4.28095750446495
72_1,minor_road,0,34.802952752691745,-2.565509730669947,2489.1298785794943,1.3770221280239934,4.34402572959992
72_2,minor_road,0,34.80682047813181,-2.546224337603009,2489.359378934415,0.42417450095909326,3.33075098777653
72_3,minor_road,0,34.80413465513299,-2.5278362911096974,2486.9372224894028,0.08493980144606,2.84355759748427
73_1,minor_road,0,34.88855517685169,-2.4921745576162717,2489.0733148199465,1.1050577030402358,5.05449752424074
74_1,minor_road,0,34.81261146887654,-2.5376543387089185,2485.1949056951253,1.083436470371081,3.7175324065514
74_2,minor_road,2,34.81402901552598,-2.51524267058062,2484.857451303821,1.0978076094611562,4.38849260249365
75_1,minor_road,0,34.89314928555673,-2.487558045585879,2495.928995279033,0.9066804526376874,5.01605509480383
75_2,minor_road,0,34.912409046792504,-2.4892422902283737,2119.1887595546073,0.9561904725916044,6.04627867301919
77_1,minor_road,0,34.77783735142966,-2.6015816085745316,2097.5448103433023,3.273463267124032,1.2377718402483
78_1,minor_road,0,34.748223695205965,-2.636889417042803,2486.4689664059074,0.6257300002373847,2.20849647536274
78_2,minor_road,0,34.74626148861695,-2.658658737650727,2486.23392230629,2.6395422511022164,1.6750241507408
78_3,minor_road,0,34.734721117193345,-2.6763736042816437,2492.8457145771836,1.3996928457235478,0.915073373183213
78_4,minor_road,0,34.7195579637627,-2.6877498109464963,2156.0625387119458,0.3804975609195012,1.130880611503
79_1,minor_road,0,34.7980776285278,-2.4363752040184936,2314.8506170377636,0.18496715486553617,1.35212722828354
81_1,minor_road,1,34.789552909015164,-2.4562026429981754,2488.524454715171,1.191281710190729,2.09357402443493
81_2,minor_road,0,34.78464951305621,-2.477075673595915,2488.195889316742,2.4047026477532714,2.90650392217302
81_3,minor_road,0,34.78374907818152,-2.4945531708840596,2492.3933140807453,2.0655726000326133,1.4597526545947601
81_4,minor_road,1,34.800936725153214,-2.503422179118925,2493.950304600646,0.12463174632966566,2.87842282561688
82_1,minor_road,1,34.80623938205003,-2.497213543667556,2492.222908374198,0.09058736901250317,3.55732098090848
84_1,minor_road,0,35.08518700688917,-2.741167178978336,2496.340210530889,8.166073253451135,8.76003726327863
85_1,minor_road,1,34.8492192010347,-2.4396159429109443,2497.898422075945,2.2197023711003507,0.09851051952003359
87_1,minor_road,0,34.94100783030056,-2.452427838034303,2052.909904813625,1.379641681000935,0.9532576309008369
93_1,minor_road,0,34.86804720407329,-2.5132082320555997,2491.6134409483348,0.18892718624416713,6.37121860545815
94_1,minor_road,0,34.76592177665171,-2.322407261924502,2493.623109487589,1.736301782290924,0.529764412878066
96_1,minor_road,0,34.93767597099968,-2.2551207073908963,2489.5763923232894,0.3962163229847112,2.7715987466661
96_2,minor_road,0,34.927452457225314,-2.2372243410487833,2490.3819786867016,0.3916274095362491,0.6048461123819381
96_3,minor_road,0,34.915689339842125,-2.223083751903981,2494.3681981219383,0.3030256560294122,1.1080766221604699
96_4,minor_road,0,34.89529764255858,-2.2158296638989445,2495.536843916397,0.06472372273824548,2.9383756528317297
96_5,minor_road,0,34.87868094936065,-2.228146500199025,2492.579705659444,0.6151233840563095,3.93010495612744
96_6,minor_road,0,34.86693192413329,-2.244801010769807,2491.66931546885,0.3798855714614402,5.0961251602129
96_7,minor_road,0,34.848430413938665,-2.2545399616096855,2494.7050969559223,0.5871339768716984,6.99772789279841
101_1,minor_road,0,35.025389681530676,-2.8610192125779137,2486.162926534417,10.291285902289609,3.94636374601358
101_2,minor_road,0,35.01837280529912,-2.882365642032147,2485.995334147723,9.02112970098686,3.90731783901357
101_3,minor_road,0,35.011606427655366,-2.903783050095101,2486.125639844111,8.119724358553027,1.44179366122897
101_4,minor_road,0,35.00698873937416,-2.9256382749512406,2484.9141260189094,6.776603101313633,1.04874805601709
101_5,minor_road,0,35.004743559445565,-2.9479915151194023,2484.9583357015044,4.300690191978961,2.85520060420782
101_6,minor_road,0,35.004657553148085,-2.9688313505480672,2188.3735684435537,2.092787998700026,1.3387669782754599
102_1,minor_road,0,34.75376495290449,-2.7953195175509817,2488.207544098765,0.0331148989187273,3.27208639380634
102_2,minor_road,0,34.74297616315506,-2.8140477653671487,2487.165355961586,0.27765559395190975,2.69900225511717
102_3,minor_road,0,34.73270184275467,-2.8339479998163783,2489.4901545352463,0.126550503042311,1.45797878802395
102_4,minor_road,0,34.72283329836134,-2.8526286803137832,2487.232054835316,1.9725605599676237,2.3690204335888603
102_5,minor_road,0,34.714954900396584,-2.8721541213584176,2489.1998332557205,4.298011851207956,4.38740557715493
102_6,minor_road,0,34.699895257224085,-2.8849657182415296,2490.1895920057286,6.292361484643593,5.156471664020479
102_7,minor_road,0,34.69120996097234,-2.9042894476657786,2487.9497319666157,8.629557355884614,2.8197921968884696
102_8,minor_road,0,34.681987929370784,-2.9240854065571686,2490.5818454772066,11.043867923383123,0.478625016706909
102_9,minor_road,0,34.69506345528665,-2.9331462263157286,2495.335126157523,11.39473575020873,1.98840528745175
102_10,minor_road,0,34.71111419249621,-2.947917918101139,2488.786940514329,12.56554182189084,4.3336208511706396
102_11,minor_road,0,34.723416391450726,-2.964320182111931,2492.916100554219,13.508418407694124,6.511847543734221
102_12,minor_road,0,34.74046584262938,-2.9780351602653643,2489.8899835389066,11.14185857713495,5.71524714315088
102_13,minor_road,0,34.75014175641387,-2.997910614531272,2486.509493621489,9.16298562062915,4.72257820581546
102_14,minor_road,0,34.746108355270984,-3.0174379215938982,2491.92477080375,8.972444528438176,3.3930737109435
102_15,minor_road,0,34.76538841041516,-3.017366039289495,2496.551853881157,6.870978254071563,5.51047273826303
102_16,minor_road,0,34.78606968930408,-3.0257437503668587,2496.45570134786,4.441693977592902,7.76972560306597
102_17,minor_road,0,34.80772700031677,-3.029059084686722,2496.8299216073356,2.0072261807550236,10.191512433316
102_18,minor_road,0,34.82903785775638,-3.0356535035190513,2496.233915175862,0.6278857625905857,12.613197704812599
102_19,minor_road,0,34.849646121215635,-3.0445015591356106,2496.2540506027194,1.5353539235101876,12.845813214029901
102_20,minor_road,0,34.8708497017596,-3.0510400204183914,2496.3580265684045,1.2603197756194675,11.317244801057301
103_1,minor_road,0,34.770489490682515,-2.618030467961291,2487.1300705276653,1.7059677107444355,1.7537117750330402
104_1,minor_road,0,35.00819519647475,-2.5864816609403314,2486.318290091928,0.19916395587475064,10.7328926294296
110_1,minor_road,0,34.75600428679079,-3.010308990181717,2496.96144330821,8.078273806359913,4.66186390350006
114_1,minor_road,0,35.107437146634155,-2.580457471927433,2485.555289109674,2.91258618622972,3.7146165493154397
114_2,minor_road,0,35.1057312570955,-2.6027514438782307,2485.501057737683,4.764446066298043,5.5113720909039
115_1,minor_road,0,34.694931663064246,-2.942829498403905,2489.7137401425116,11.360364522108982,2.56405725278892
115_2,minor_road,0,34.71111096636028,-2.957368355880685,2455.0153214511492,12.391601274722138,4.9757223210469705
118_1,minor_road,0,34.7260493809818,-3.0193844966096464,2490.658403651098,11.149745164403758,1.1893712310263
120_1,major_road,0,34.73347382906754,-2.1914867442570634,2494.619717842452,0.6022522920967943,0.9903405717456321
120_2,major_road,1,34.7496254341601,-2.206781876738059,2491.731619578618,0.800642411493062,1.28707251212848
120_3,major_road,0,34.76458688535186,-2.2229786641446547,2493.3190653545976,0.6081663733837472,1.7467102838109498
120_4,major_road,0,34.780380217167355,-2.2385622477611675,2490.0827531419395,0.8104283933575503,4.03950299718496
120_5,major_road,0,34.79427102857565,-2.2561009616537517,2493.9726741589548,0.9351637406249876,4.26030035780622
120_6,major_road,0,34.8139554232133,-2.264349931420626,2497.761305313039,0.8756110782814434,3.68370252676175
120_7,major_road,1,34.830308690943454,-2.275214025951921,2487.2215214511325,1.143683382936592,4.02544926908859
120_8,major_road,0,34.83168590115989,-2.2972500301594567,2488.171598233918,0.0668559505888645,3.5938105115827303
120_9,major_road,0,34.84151292645378,-2.3146012230043573,2489.071964171446,0.1600337241777989,3.00885585380486
120_10,major_road,1,34.842054971221735,-2.3339411543862325,2487.7242836245155,1.042926706750785,0.930330381865834
120_11,major_road,0,34.831552555677135,-2.353412886972901,2489.077130636557,1.2881893759576206,1.3569786462222702
120_12,major_road,3,34.822308766075246,-2.373603311616873,2486.195648484388,0.6466267176989619,1.83322211818377
120_13,major_road,2,34.813375132410634,-2.3938773200810255,2487.913092732501,0.6382868900007451,1.94944460495197
120_14,major_road,3,34.80483593060577,-2.4144239050699743,2487.0565028885035,0.8067179781158149,0.942236679512594
120_15,major_road,3,34.80636042990335,-2.4339938525674767,2491.2441363986427,0.7073843528779008,0.636131475147168
120_16,major_road,1,34.81575859555819,-2.4490906850467566,2486.4175057462844,1.64768929645668,0.397485142484672
120_17,major_road,1,34.82187177655083,-2.4704087930367167,2485.2215497395946,1.552324591728535,1.43110409135945
120_18,major_road,2,34.82927448685769,-2.4906308551344782,2488.3455449583703,0.17099419521447104,3.78558362066167
120_19,major_road,4,34.8376161633708,-2.5105313478137963,2488.1721390654156,1.298990486059086,6.15920453782363
120_20,major_road,2,34.84752139412722,-2.530238293895291,2487.8100806010734,1.7711915991617415,7.592885173052941
120_21,major_road,2,34.85717879770395,-2.550463517504834,2489.0602341146814,1.0831803140142078,8.83908794358639
120_22,major_road,1,34.87076177058363,-2.5680892364823924,2488.2980791667255,0.9150561040915124,10.833483677619201
120_23,major_road,3,34.87979320342276,-2.588581484820943,2487.0650115319822,0.18277438272018576,12.5636695974845
120_24,major_road,2,34.8890969825236,-2.609026459450913,2487.260415079477,0.1105085991121902,13.6056549966159
120_25,major_road,3,34.896532523121806,-2.6300018715767326,2487.6180931052468,0.7133632693389643,13.8696592364074
120_26,major_road,2,34.906480378820014,-2.649787933268329,2486.088026562672,0.882661103020111,12.4045393768491
120_27,major_road,0,34.912462677530584,-2.671415634356182,2488.8036891553693,1.6072675259901623,10.8442036772679
120_28,major_road,2,34.92620294547759,-2.6884003825864173,2488.8740568973235,0.7062813729728455,10.6749933078382
120_29,major_road,1,34.93747606336459,-2.7078266859043003,2487.8217098534824,0.5498595674291787,9.90504950985329
120_30,major_road,2,34.94785155464032,-2.7276447143758595,2488.2505759516944,2.9022336577521877,7.4286002781985
120_31,major_road,0,34.95899987932313,-2.7471414851908964,2487.0167461185933,5.361103050318037,4.946019374966371
120_32,major_road,2,34.9678111773077,-2.7675798399292213,2487.605842948996,7.782443737454069,2.4868591387156997
120_33,major_road,4,34.977119634019935,-2.7879249278249594,2487.601341767314,10.242744589460644,0.146876194299775
120_34,major_road,2,34.9868118388408,-2.808188113269777,2487.210326084848,10.261794222149998,2.4346054206203998
120_35,major_road,1,34.99450741002151,-2.8290472363976824,2490.0332470862627,9.026325918702254,0.224628692353035
120_36,major_road,0,35.01249731011173,-2.8408188325155552,2494.5139991591327,9.837221250909884,1.30345605362854
120_37,major_road,1,35.03197564990388,-2.851979895746371,2495.199494349304,10.957695974817591,3.75172090778206
120_38,major_road,1,35.052183859101746,-2.8615352255328297,2496.3285135266083,9.172983023846156,6.20797925958664
120_39,major_road,1,35.072622370544074,-2.870868175463771,2495.1670763042503,7.80492561758358,8.588728991371259
120_40,major_road,0,35.091688144479996,-2.882634947055711,2494.8198664259453,6.779740064556962,7.60078669084139
120_41,major_road,0,35.11100533873165,-2.8941166377485774,2494.9237701781535,6.626933754877864,7.1182090910067
120_42,major_road,0,35.12938025442767,-2.9047477484527024,2232.536193995839,6.359520862174265,7.41628642117049
121_1,minor_road,0,34.59013194211884,-2.286764686935879,2490.4477212809984,0.9003655710552811,2.23193345471684
121_2,minor_road,0,34.59903698598992,-2.306842155455468,2488.4352213068746,0.9113664181958272,4.07494984935157
121_3,minor_road,0,34.605881570629656,-2.3280520169993593,2489.5272309094057,1.3517336998167884,6.27551351162207
121_4,minor_road,0,34.622886170836516,-2.3415626329779924,2491.3906507201773,1.083720001717106,7.063304724028161
121_5,minor_road,0,34.63504676838494,-2.3600050517192734,2491.4050507262004,0.480863088188925,5.28701866251183
121_6,minor_road,0,34.638835453195945,-2.375184341836408,2491.8969712079256,0.24020968754304536,3.90771237658038
121_7,minor_road,0,34.63622737543825,-2.392728519298177,2488.3131936040763,0.05498260986699681,2.17521297252676
121_8,minor_road,0,34.631460892312134,-2.40754947107426,2491.9032327287437,1.125169300793247,0.832202202412563
122_1,major_road,1,34.80682745222137,-2.3879380242122563,2487.7183271282925,1.3044487981263309,2.1603390610604802
122_2,major_road,0,34.79325455373621,-2.3708142627678424,2492.91052135295,0.7307610657921904,1.29241196735537
122_3,major_road,0,34.77653477837356,-2.3558414701854606,2493.1830261262016,0.7504520377237415,2.24341289551
122_4,major_road,0,34.757872259217585,-2.343829971339493,2496.5378986398196,0.5974144431790417,1.46393200392941
122_5,major_road,0,34.73706910526372,-2.336044253281708,2494.3134989721098,0.35944074626294764,3.14434852381038
122_6,major_road,0,34.72313892214118,-2.3184110059405123,2492.4389383713237,1.498674741661023,4.60822144983566
122_7,major_road,1,34.70564640833055,-2.305542693803728,2490.988120572338,1.013099952052022,5.79172664665771
122_8,major_road,0,34.69066939020533,-2.289726906446836,2494.796544445205,0.6974687295200718,7.31240997040626
122_9,major_road,0,34.6740443038914,-2.2753118354077984,2490.8387744934657,0.5880474301128716,9.367110510615062
122_10,major_road,0,34.66217205443218,-2.257332686139311,2489.996733827568,0.1910967508015841,8.754575745750401
122_11,major_road,0,34.64463609419676,-2.2485508439912043,2497.0381624311603,0.7368774022043194,8.526656579326511
122_12,major_road,0,34.62597727618339,-2.2598579479071477,2493.8881343086423,1.4076471905562302,6.75145667929227
122_13,major_road,0,34.60845298448083,-2.273848124004734,2496.1717387845592,0.3809223413602637,4.39676327409893
122_14,major_road,0,34.58710035996416,-2.2792803583109245,2498.3145334797714,0.6225357832654387,1.9472680853533
122_15,major_road,0,34.566251118863796,-2.2760190423965803,2496.6019556965084,0.4873638860415622,0.865145494352212
122_16,major_road,0,34.546083237751155,-2.275082545789913,2497.9201281799624,0.7505036485929587,2.6322700404149
124_1,minor_road,0,34.983024597269754,-2.9593425807421108,2495.8226165191063,3.3263727916664223,0.186550732828494
124_2,minor_road,0,35.00050106342932,-2.9690452155056604,2039.8729740564904,1.9253805847315617,0.934335466011245
126_1,minor_road,0,34.763435590127145,-2.5030271422567254,2290.7074648736757,1.636474167488764,0.664256694065643
128_1,minor_road,0,35.159563680801014,-2.0097941209148216,2491.667364833047,0.8192221130411773,0.30914820594070197
131_1,minor_road,0,35.10509869243524,-2.753951375392707,2491.6852251958535,5.830765227982106,6.40217566675366
131_2,minor_road,0,35.11592367361516,-2.745332037187889,2251.2051505279287,4.72193805531858,6.88386159694774
132_1,minor_road,0,35.00773582941599,-2.8258492519888923,2493.0747849701606,10.357646918541109,0.670185212583441
132_2,minor_road,0,35.025757015424034,-2.812517910015287,2493.578615849691,12.84151781952668,3.14179248891024
132_3,minor_road,0,35.04330520023227,-2.798803262516286,2493.956857306804,13.63961810675583,5.61252397404128
132_4,minor_road,0,35.06275040614373,-2.7876234445127537,2494.887866204688,11.181611485857646,7.82729627948651
132_5,minor_road,0,35.081975507718404,-2.7763287183410443,2493.716025090548,8.761858840220011,6.32933446122354
132_6,minor_road,0,35.099436010025464,-2.7632999325195726,2495.6422579196496,6.5443948143661155,5.8485964997404
132_7,minor_road,0,35.11821001218924,-2.7519107962166167,2492.279150014563,4.37812225379733,6.11705820740217
136_1,minor_road,0,35.06256091489814,-2.717978867622127,2486.075638648452,11.280956355731751,12.110147405535399
137_1,minor_road,0,34.896088117336284,-2.5505207341617724,2487.7858645116794,0.4663873360771286,11.161767094866
137_2,minor_road,1,34.908872142702975,-2.568195729873539,2492.3756596996113,0.0680983670168309,13.507295655122
140_1,minor_road,2,34.902187504820525,-2.4728235255607185,2495.821755306707,0.6129005674372237,4.97373050090615
140_2,minor_road,1,34.91969073517108,-2.4852589400094014,2491.554501225652,0.4842797406168591,5.18770942708587
140_3,minor_road,0,34.91429222035828,-2.4987386123366564,2492.362339949182,1.4295504716116514,6.7446446747426
140_4,minor_road,0,34.8961897189446,-2.507233502015992,2497.0415745957043,2.817845725459481,6.899394842014289
142_1,minor_road,0,35.016965625601934,-2.59287277731454,2490.151808414477,0.08943995737634544,10.4079455440658
146_1,minor_road,0,34.99531108958494,-2.5332544634818643,2492.633699783323,0.6189307903710746,5.02535340840289
148_1,minor_road,0,34.934547813991685,-2.494318509438432,2496.3396864434194,0.27872242872164604,5.30764710028906
148_2,minor_road,0,34.95418732636085,-2.4877634109521547,2495.977752813764,0.8085835087909011,4.39108797712651
148_3,minor_road,0,34.97551427709059,-2.482147080228985,2498.075096898563,0.45715121724028435,3.62029292242501
148_4,minor_road,0,34.99539836421831,-2.488081833452613,2494.101181085478,0.5705499133248121,1.32665529042111
149_1,minor_road,0,34.84310106949296,-2.489666008828632,2496.286041957136,0.0945560633703583,4.19847422210728
149_2,minor_road,0,34.86289902062453,-2.481970023592443,2498.063949259851,0.24082195767994252,2.8747453295242997
149_3,minor_road,0,34.884059902616514,-2.4837826220209465,2496.348937564486,0.06646233403709832,4.01870284776625
150_1,minor_road,2,34.79598083489115,-2.4182608761699504,2488.1259470600617,1.1731464983230426,1.4121830711151
150_2,minor_road,0,34.78237280813702,-2.4019085356157133,2492.410789824701,0.5844220247726988,2.17189917725672
150_3,minor_road,0,34.767890050422515,-2.3850765114159724,2492.363804006945,0.4491222312963103,3.34997575952597
151_1,minor_road,0,34.771703251080496,-2.609748936449765,2489.1503041940523,2.5012400927397818,1.33378094788526
151_2,minor_road,0,34.77075978301158,-2.5891721545393387,2487.050550174022,4.702804874941178,0.6637686314514869
151_3,minor_road,0,34.78241938722221,-2.578543585818274,2495.303567830697,4.025691661088038,2.1207719620041297
153_1,minor_road,2,34.82459447729638,-2.441788030079787,2492.2844148944273,2.700347058775038,0.12009170806953201
155_1,minor_road,0,34.72180932201174,-3.024962365451926,2494.278539573416,11.565507205570706,0.640411787505106
155_2,minor_road,0,34.73887255982549,-3.02360315220304,2059.4631733090728,9.684279027811352,2.5194406173603903
156_1,minor_road,0,34.707970845304914,-3.0353940068713605,2495.762239188173,9.884135783575632,1.5930327894480398
156_2,minor_road,0,34.68827814637219,-3.0382333925719096,2098.442747825377,8.090743220922214,3.50094495139771
157_1,minor_road,0,35.19679587243792,-1.9914066439602256,2488.417989004322,0.4733626411224652,0.666925635622713
158_1,minor_road,0,35.16440648247146,-1.9966293876356591,2495.088603918967,0.25371499641417666,0.347492329557605
158_2,minor_road,0,35.17981998077722,-1.995568248005884,2492.9479356901447,0.11421535664796845,1.25318973936933
158_3,minor_road,0,35.197686275481125,-2.006337253481958,2493.9892629202604,0.49542708279017256,0.430354402763612
158_4,minor_road,0,35.21013113512932,-2.021205153181452,2492.9272598623606,0.15175563152163388,1.85780791102015
158_5,minor_road,0,35.19548280780838,-2.0359942794199006,2490.673108567599,0.02791508906802538,0.837390776294641
158_6,minor_road,0,35.18229833377404,-2.0483328352907453,2495.6892374536083,0.05954976146793923,1.1676376844428
159_1,minor_road,0,35.10052177062039,-1.9903397585759115,2496.405036693978,0.6548229913614427,5.968754296049631
159_2,minor_road,0,35.11721051077707,-2.003031184384882,2494.413992422372,0.095868297547525,4.371225664228881
159_3,minor_road,0,35.13837243356629,-2.0078452410661636,2499.169271387777,0.4345824869315242,1.9775411600560702
159_4,minor_road,0,35.15806870247862,-2.013039417661619,2490.2735978602095,0.9187824304998692,0.48532020945548
159_5,minor_road,0,35.161460455822564,-2.034380758270938,2486.243339700542,0.05952727455144254,2.87326590959682
160_1,minor_road,0,34.68740451643366,-2.5983945390006347,2493.810289792161,3.208521510999947,0.927377936928415
160_2,minor_road,0,34.68100580950862,-2.591628423181226,2495.957656974696,2.800273357390477,0.595337707682948
160_3,minor_road,0,34.702525703318464,-2.593208905072152,2494.7516411834654,2.6853891387243527,2.61879865048666
160_4,minor_road,0,34.719170200218564,-2.6082985496054705,2491.0504632034003,0.968355663904512,2.8989457963477396
160_5,minor_road,0,34.733828688287375,-2.624228034391338,2494.1227801964183,0.6979918054156065,1.31823550297379
160_6,minor_road,0,34.75253053260708,-2.6275320761839063,2494.306538526566,0.33207827797371803,1.4921401152692
160_7,minor_road,0,34.77246489852318,-2.6352261544950504,2497.9174597308493,0.09434052019023162,3.51151942997702
160_8,minor_road,0,34.79416871822782,-2.64011527265357,2498.128776256843,1.0274012555214265,5.33631725154096
160_9,minor_road,0,34.816480503446186,-2.6426242623318217,2498.595286922884,2.075984311162028,7.35678264517341
160_10,minor_road,0,34.83876181244463,-2.645538780042502,2498.589555600113,2.270022892199307,9.52234640671356
160_11,minor_road,0,34.861043121443075,-2.648453297753182,2498.5838179621887,1.1447605513653265,10.8718416640266
160_12,minor_road,0,34.88332443044151,-2.651367815463863,2498.5780740136997,1.2289174523302764,11.1360291897936
160_13,minor_road,0,34.905605927676135,-2.6542823577968706,2498.6156842993996,0.38900806396868054,11.9293884749712
160_14,minor_road,0,34.888108989230844,-2.6579938068719233,2497.8343373026587,0.6744557304377579,10.6549246997552
160_15,minor_road,0,34.8675026923565,-2.6549103588819176,2494.4779225167786,1.5102053045515509,10.2812684709338
160_16,minor_road,0,34.847981570539375,-2.6450084850059965,2498.1869165182657,1.8475829805129416,10.364784324336
160_17,minor_road,0,34.82562538145917,-2.6428307908677935,2498.626082182566,2.578702276831115,8.15610554149584
161_1,minor_road,0,34.77107941805781,-2.7357466409556936,2489.387552577763,0.7129158354894066,0.988781642472939
161_2,minor_road,0,34.757143483423754,-2.718405784256518,2493.652288758885,0.3204508397038147,3.4092748226776597
161_3,minor_road,0,34.73774106722401,-2.709235980776812,2495.0238236512564,1.9120159828321184,4.05784137626441
161_4,minor_road,0,34.718851263609025,-2.6974817543628236,2494.8224845351892,0.96760687568545245,1.7160848668151
161_5,minor_road,0,34.69855423473696,-2.688821435067863,2497.957812355262,0.2745638170820995,0.613902567779206
161_6,minor_road,0,34.67690142247272,-2.6832152739353634,2496.8470991927456,0.39699413538560335,1.77063709503847
161_7,minor_road,0,34.655963467042255,-2.6850026616097535,2497.74943586502,1.7549378805284674,2.7375169096671996
161_8,minor_road,0,34.63451090691969,-2.6837197884160338,2497.991914207156,3.9195632791892834,2.90761310019086
161_9,minor_road,0,34.612457375330905,-2.6852494005398637,2497.45975596117,6.359889197478168,1.41728067779902
161_10,minor_road,0,34.592320528699354,-2.6771378987261794,2494.268633099035,8.515586104179391,2.94692998585333
161_11,minor_road,0,34.57411155837305,-2.664963859935851,2495.821163404901,10.362758319479967,5.321838741761391
161_12,minor_road,0,34.55445535823409,-2.654406831397558,2494.154238998817,7.894080508639301,7.74446094276572
162_1,minor_road,0,34.925694789818785,-2.7093036083230513,2495.2414849295333,0.22060562910115275,9.42677641732701
162_2,minor_road,0,34.904806460845435,-2.7122795874226044,2492.8494303495786,0.10227982077444205,7.22349957502228
162_3,minor_road,0,34.90914143250493,-2.695408735106291,2486.607520640529,0.5820975775529685,8.70546700384016
162_4,minor_road,0,34.91212796606025,-2.6768874700372014,2073.9198628580366,1.3112325876721929,10.3659881780697
163_1,minor_road,1,34.974759215396276,-2.545399828663258,2495.4496290315356,1.1693629624458428,7.1673400146496
163_2,minor_road,0,34.995443243952735,-2.552823267104862,2492.985402366014,1.4559852357036605,7.13250611826656
163_3,minor_road,0,35.00913545124901,-2.570375670833996,2493.0620921742534,0.11523742334479642,8.953885554722559
163_4,minor_road,0,35.02771377221563,-2.581823650782896,2495.3926780151764,1.215747138822901,8.78859469779084
163_5,minor_road,0,35.04899969563894,-2.585557105907354,2498.1101464702597,0.9480733071138676,6.96279862158597
163_6,minor_road,0,35.070780146186806,-2.582177255184342,2497.98692097546,2.851424656384729,4.93347232573799
163_7,minor_road,0,35.09195216173426,-2.5758304269896515,2496.070774376751,2.857586370546967,3.19083350471796
163_8,minor_road,0,35.11192423389631,-2.56874113469159,2496.4141923508605,1.7449726479933745,2.70467478392082
163_9,minor_road,0,35.13106464683669,-2.567801691125449,2492.6485008027253,0.31076225575058336,4.17251488561561
163_10,minor_road,0,35.14487657577997,-2.5853341687460696,2491.4719745126663,0.12071612078384827,2.75659205925272
163_11,minor_road,0,35.15761226764598,-2.6022802529500075,2487.464616168013,0.20018677158883777,0.704391028890196
163_12,minor_road,0,35.15856737854605,-2.6230234624555906,2488.8146244035006,0.16784047814459485,1.69846216139691
163_13,minor_road,0,35.17425061716866,-2.637727623021577,2492.3083041700875,1.440847823621899,3.91435349302896
164_1,minor_road,0,34.92663102697115,-2.563340282860912,2489.542969203485,0.1296224431578456,12.1324364128065
164_2,minor_road,0,34.94000166126813,-2.5802680894057457,2489.6891804861416,0.06646892063424499,12.5237391517457
164_3,minor_road,0,34.947686186047456,-2.6011193407802997,2485.841051699801,0.06116861061864723,14.0152990660084
165_1,minor_road,0,34.8016828955577,-2.45735048602506,2487.536577282274,0.14097900371906424,1.24001583828854
165_2,minor_road,0,34.80633409131373,-2.478501021601165,2487.2695368815257,0.362625481709143,2.8081241837149
165_3,minor_road,0,34.82125511410189,-2.4888046504943775,2495.969593598291,0.15831990021809922,3.45881432749439
165_4,minor_road,0,34.841210344872096,-2.496203298173436,2495.2538277113485,0.07912122756831896,4.85291499288754
165_5,minor_road,0,34.85945220164962,-2.508442203718086,2494.059694263134,0.14552563057606083,5.79300568019275
165_6,minor_road,0,34.873451186465,-2.5247378287985858,2492.3704943827265,0.1331508731737426,7.72488141216725
165_7,minor_road,0,34.88904765529523,-2.53805912838381,2492.702314611543,0.06135020076132763,9.59935662344104
166_1,minor_road,1,34.761198403712335,-2.5040614930275136,2498.0383933503617,1.3710798372493422,0.635094619457012
166_2,minor_road,0,34.739737337723945,-2.5000337373948396,2497.680593971234,1.7760752433103075,2.1028731138063197
166_3,minor_road,0,34.71805667173738,-2.503670108951108,2498.369266876347,2.1657482214972683,2.63386619601919
166_4,minor_road,1,34.695914498757894,-2.505437091507339,2497.7383047930225,3.0884239974925944,3.91820233245612
166_5,minor_road,0,34.67896760661773,-2.4928690027936034,2493.446789738394,1.2521124841462543,4.82465880985945
166_6,minor_road,0,34.65868221471428,-2.484766197245532,2449.8594676294624,0.7317306830315418,6.88549045283706
167_1,minor_road,1,34.77334381842848,-2.4147986427502124,2491.0195404078895,2.285803039140254,3.23841348823861
169_1,minor_road,0,34.89208922646856,-2.5122078585849943,2494.6603047433455,2.1439381461876694,7.12282816675493
169_2,minor_road,0,34.912831720182965,-2.5199805584662913,2497.363342209881,2.516387039394171,8.85415188451536
169_3,minor_road,0,34.932165781270534,-2.5288827544968275,2495.5486414804004,2.8366362017495916,9.080050019162039
169_4,minor_road,0,34.95240737412587,-2.5306952336247748,2495.597317633911,1.408290481246407,7.61782526793342
169_5,minor_road,0,34.97222839119511,-2.537300149079586,2496.603404968413,1.116709645337132,6.57259679870489
169_6,minor_road,0,34.9909436655924,-2.5277388747186453,2494.858920767815,0.5063991669919181,4.6087102169435
169_7,minor_road,0,35.010780958572816,-2.5188575589641085,2496.712592769115,1.3968695024844513,3.27831862297012
169_8,minor_road,0,35.03224030880732,-2.5238659042640235,2497.198957759287,0.5042601962231584,4.7146519981646
169_9,minor_road,0,35.05026792635237,-2.536490074964149,2492.46167660988,1.0268746586347433,5.58455655844
169_10,minor_road,0,35.06761884210603,-2.5501412794874123,2493.934390522814,1.115375437694182,3.5190895753704
169_11,minor_road,0,35.085190086180035,-2.563435801972461,2494.2260119768725,1.7169158325905216,2.31754079610855
170_1,minor_road,0,34.740700024050525,-2.32297138113271,2493.968294712327,0.2212053825766462,2.92992127094772
170_2,minor_road,0,34.76002133143184,-2.3120507502391296,2496.061338050376,1.0690559170730651,1.83645136529622
170_3,minor_road,0,34.77939786840026,-2.3011807148175336,2496.3261078132796,0.19216799515297311,2.34275243433117
170_4,minor_road,0,34.79814947410159,-2.30246342086507,2495.558095204756,0.18647388134636017,0.912371243971323
170_5,minor_road,0,34.817875648105286,-2.302770845030745,2494.661612947097,0.24625100412728204,2.24638258100666
171_1,minor_road,0,34.832746138969824,-2.470314012671044,2496.215694474415,1.8910557577993616,1.95683260169819
171_2,minor_road,0,34.85242220824712,-2.467927857963694,2498.709134968449,1.6615081940962055,1.6014022405961
171_3,minor_road,0,34.86960228175962,-2.4676037446179815,2490.5574842864035,1.5897901404726371,1.61576102942975
171_4,minor_road,1,34.86391035006516,-2.446497227964094,2486.5459077549976,0.4815661207596372,0.739514615816238
172_1,minor_road,0,34.76645137739397,-3.001412565204487,2490.6308294626815,7.355928781734129,6.10066901900302
172_2,minor_road,0,34.775864433915835,-2.983072019202384,2486.467300712614,7.671648875464893,8.00437071716711
172_3,minor_road,0,34.78659938816687,-2.9639923133094426,2489.899568281307,8.535680162903466,10.2316854736778
174_1,minor_road,0,34.781064221877664,-2.415004543253668,2489.285448173411,1.737394344335054,2.4337129985787103
175_1,minor_road,0,34.82978699411794,-2.3793508923803826,2091.105677877271,1.1672700209338975,1.57557845585126
176_1,minor_road,0,34.98119737995463,-2.181026500383483,2267.354917165001,0.7204334299182147,4.9553879772002105
177_1,minor_road,0,34.975684076050555,-2.1716939559398365,2498.7857697241884,1.1351134844864914,5.818189972176721
178_1,minor_road,0,34.92855698366199,-2.419829834743769,2492.075118458549,0.08712855634462009,2.80903341350646
178_2,minor_road,0,34.94647184555911,-2.4092765236028906,2493.740847301973,1.6775340916324322,3.2422184377264998
178_3,minor_road,0,34.965441065331724,-2.406758935725446,2497.0849702481223,0.8499393138874763,4.15066541405448
181_1,minor_road,0,34.751931411347925,-2.559670095802991,2486.4399932398996,4.46647528698576,1.54074442457712
182_1,minor_road,0,34.71035051920535,-2.4842701906979827,2487.140875322838,4.407525303555062,1.2156214786886501
185_1,minor_road,0,34.7636892550767,-2.7827671547780866,2486.068420276661,1.4814004749600598,1.8895353513661801
185_2,minor_road,0,34.75450836883897,-2.801908727171374,2490.4852410493454,0.1933909691573212,3.68861290425294
187_1,minor_road,0,34.74272423798616,-2.82724088149566,2487.926602250922,0.8083355685408168,1.58592717456147
190_1,minor_road,0,34.735696913727466,-2.6129306522247653,2491.8016831665127,0.2866792026666793,1.01123535423393
190_2,minor_road,0,34.72139111681092,-2.59743373199113,2488.3987848043334,1.6271382726867143,2.2142904126988503
190_3,minor_road,0,34.71731530682781,-2.576494196967722,2488.32674943438,2.6224113341579907,0.37115788487420004
190_4,minor_road,0,34.732631882638934,-2.5615553456000915,2493.3714983382683,3.736051451953075,1.40330971206166
190_5,minor_road,0,34.751605350608756,-2.571135338230507,2496.5138716065653,5.1127101473398096,0.839961093216492
191_1,minor_road,0,34.983024597269754,-2.9593425807421108,2495.8226165191063,3.3263727916664223,0.186550732828494
191_2,minor_road,0,35.002363756244925,-2.9698956242640957,2494.7397873696373,1.8894954844757104,1.05812716989585
192_1,minor_road,0,34.98631647233823,-2.171076659944675,2487.546538310777,1.21952266461294,6.180903633465871
192_2,minor_road,0,34.993559094125175,-2.150448096284183,2487.7474970921817,0.46308768912014886,8.599990224854949
192_3,minor_road,0,35.003337061659636,-2.130561032209001,2487.650896444221,0.16755161877552777,10.3274783648013
192_4,minor_road,0,35.01073989253014,-2.1096719800114823,2486.866100757671,0.4764601135468591,9.631088515567269
192_5,minor_road,0,35.020219050256436,-2.0894457332568104,2487.809730493081,0.4129614898970376,9.77542338932143
192_6,minor_road,0,35.030271691175955,-2.069478634472017,2487.9312987436256,0.8946677734990569,10.5805592148133
192_7,minor_road,0,35.04225273771913,-2.0515716956595478,2494.6387035958596,0.14978165108888247,12.0339949236022
192_8,minor_road,0,35.055920790800464,-2.0473565806290157,2496.137803011773,0.0898350236375533,11.9496703143198
192_9,minor_road,0,35.04827608341431,-2.033190597168316,2487.384912584889,0.1204055883001558,11.5829484715603
192_10,minor_road,0,35.058192842213806,-2.0140455118199485,2488.2297534326444,0.2754532165715724,9.88091976982723
192_11,minor_road,0,35.0677801932186,-1.9952087651765704,2274.997521112755,0.6429380827435317,8.506065604916799
193_1,minor_road,0,34.85839293231103,-2.4092708378483754,2485.5220686272287,0.12094992778243167,1.08121543614573
193_2,minor_road,0,34.85793159341836,-2.3870253478693426,2486.943472711079,1.0401120304453355,2.22217641409108
193_3,minor_road,0,34.86835603115132,-2.3681899899415213,2493.592713172069,0.849713895199385,3.2219383117644202
193_4,minor_road,0,34.88805119775926,-2.360871482760512,2491.205177062754,0.11397308014644247,4.76203630291964
193_5,minor_road,0,34.89756497576642,-2.340572707417505,2487.3890729305763,0.4434686612357643,4.96797362506052
193_6,minor_road,0,34.907014612213274,-2.320212419409037,2487.5343622797795,0.3650575650704525,2.52495033725534
195_1,minor_road,0,34.84251316361265,-2.4559096775389353,2489.250458581329,2.966434577634052,2.0211538654344
195_2,minor_road,0,34.850589865828155,-2.4439003755975777,2492.135715897392,1.9864360876290807,0.548203773666168
195_3,minor_road,0,34.861423514460725,-2.433728508629484,2497.346934993345,1.1842560055433735,0.47859434641677595
195_4,minor_road,0,34.88261100931404,-2.429673967094236,2497.379972823684,0.7503500686314618,0.500527855045314
195_5,minor_road,0,34.903936241570975,-2.4271831014547742,2498.3960166732018,0.29846333563898103,1.63177104308564
195_6,minor_road,0,34.9250664137506,-2.429482175210014,2491.5946282023747,0.984714123987356,2.49496729315363
195_7,minor_road,0,34.926212286716186,-2.4477279232156124,2491.970860435477,0.12151669204410008,2.35271421228737
195_8,minor_road,0,34.936521036168166,-2.465129414784419,2485.5556251023622,0.5615846880973092,2.28249617098786
195_9,minor_road,0,34.941560835704344,-2.485016621441835,2137.9489774049516,0.16086061405834157,4.11870748434496
197_1,minor_road,0,34.83587160783587,-2.490579078062607,2496.37067632093,0.1482939171530069,4.03068858150463
197_2,minor_road,0,34.85406491393411,-2.502956035833488,2494.4074296769895,0.08168718214820099,5.23676281058322
197_3,minor_road,0,34.87280069747212,-2.5036311952797177,2493.670253108009,1.246652555428662,5.42925329149902
197_4,minor_road,0,34.886077367754844,-2.511702159262551,2487.458744280622,1.8606810578947297,6.76906286574653
197_5,minor_road,0,34.89434898520852,-2.527642210538642,2492.0520680949576,0.951700383720846,8.75529856053065
197_6,minor_road,0,34.90535251488104,-2.541042740059845,2494.52483365084,0.05898878477868453,10.6285693009547
197_7,minor_road,0,34.92178181105991,-2.553367638177483,2491.110238841341,0.17615262905683657,11.8468450086776
197_8,minor_road,0,34.92339323599779,-2.5729428978605524,2486.243328604387,0.667094568248331,13.125056851325601
197_9,minor_road,0,34.93079430674302,-2.5914123732773904,2490.919131687393,0.9691225751468008,14.1238994641282
197_10,minor_road,0,34.944669993773175,-2.6085083805108824,2489.0286458555115,0.5480431273515094,14.8941364068053
197_11,minor_road,0,34.950873610738796,-2.629615915946168,2486.721646550252,1.6790697505762433,16.721940633107398
197_12,minor_road,0,34.9624695653617,-2.648632376891801,2487.4846037807933,3.416114731844447,15.4479382075229
197_13,minor_road,0,34.966574037797166,-2.670113143029772,2486.304591703505,4.256631435915934,13.0373464481038
197_14,minor_road,0,34.96614660949755,-2.691621300169365,2485.7297261881195,2.9810595543049137,10.679652827153701
197_15,minor_road,0,34.96014785790524,-2.713155062549025,2486.448743198124,2.6606030673773664,8.45759405210335
198_1,minor_road,0,34.93386663878351,-2.555852004563344,2497.565162228285,0.255769675164718,10.9801671104506
198_2,minor_road,0,34.95425269702076,-2.5596895497307752,2496.5259915294114,0.39003085258133446,9.75250862694066
198_3,minor_road,0,34.975388692998514,-2.5661039830999384,2495.1257690671728,0.10115947021037278,9.189783104050429
198_4,minor_road,0,34.99132455096698,-2.580648578354089,2492.0869180916116,0.8841237110549801,10.241721786530102
198_5,minor_road,0,35.00625518902364,-2.596690730513581,2489.332995909947,0.34364218999598456,11.657679407929699
198_6,minor_road,0,35.01682843154778,-2.616401044047175,2488.809901423898,1.738624912171859,11.884624806743401
198_7,minor_road,0,35.02857709234322,-2.6353210117286614,2489.969817742513,2.857261330990241,12.453369795324999
198_8,minor_road,0,35.04677776784854,-2.6446282966416352,2496.3967112757264,4.056483678932121,12.1800169521695
198_9,minor_road,0,35.064399464376336,-2.6572114850560573,2489.5296040312483,6.185669395098225,11.446791620088101
198_10,minor_road,0,35.0730934647331,-2.6777037865468514,2487.115110940962,8.624540742958423,11.9261177339406
198_11,minor_road,0,35.08233050654215,-2.6954823778913606,2490.9925612397956,9.787960178910048,12.5978312465032
198_12,minor_road,0,35.10111421653805,-2.684938990961282,2493.6284891782757,7.640599917631577,10.398692183158401
198_13,minor_road,0,35.113137847976994,-2.6670305603067552,2488.239758955662,6.044758752980725,8.009980080876751
198_14,minor_road,0,35.106827589733314,-2.67048276152147,2491.641133146388,6.841464583513127,8.735459285202651
198_15,minor_road,0,35.09110598663792,-2.6865383630449484,2491.6254923792458,8.753375508644204,11.213738313579999
200_1,minor_road,0,34.97224856786571,-2.7102009240655653,2498.422684537251,3.74267159113183,8.56557742558029
200_2,minor_road,0,34.99468290331739,-2.708961447622233,2498.632779368081,6.1304233910504635,8.86402662546632
200_3,minor_road,0,35.017092698842916,-2.7076993173454587,2498.593622784175,8.578415042669036,9.812051765284279
200_4,minor_road,0,35.03929745210872,-2.706925220459887,2498.386203302056,10.71630027810769,11.1877468033889
200_5,minor_road,0,35.06152364851943,-2.7059038599037284,2495.6729320913023,11.01209281306086,12.9150258883309
200_6,minor_road,0,35.079774631561186,-2.6964931848675833,2492.328401171772,10.083037261867323,12.8667310944279
200_7,minor_road,0,35.075149300326125,-2.7131773193718125,2489.8022326852397,10.205306703708665,11.9623815149762
200_8,minor_road,0,35.081030378962936,-2.7313203062791014,2491.483321886915,8.864204210887024,9.91867235301532
200_9,minor_road,0,35.09712562855399,-2.7460709876680047,2489.3537764686625,6.7721179381823635,7.58841538182608
202_1,minor_road,0,35.10734055499503,-2.7419396215611176,2496.167814122059,5.734695049090805,7.523890429557721
202_2,minor_road,0,35.12814323481394,-2.7394904972480485,2493.2535115231253,3.633525191593648,7.33414347484769
202_3,minor_road,0,35.12538245455721,-2.7579136299079403,2486.672645313038,3.603532522964767,5.325173342736259
202_4,minor_road,0,35.1215134172653,-2.7790691523572826,2485.8143854286805,4.880876453483032,3.12699728940359
202_5,minor_road,0,35.129623447055074,-2.7992940408885185,2488.416524798599,5.906626170186242,0.727117341201415
202_6,minor_road,0,35.123708928906886,-2.811354245282277,2488.0762082056717,6.422364594484883,1.00165558867089
202_7,minor_road,0,35.120025711163734,-2.789275845940049,2486.0184874835454,5.722296751697317,2.18127605128994
202_8,minor_road,0,35.113212245899696,-2.768972124587159,2346.687620778692,5.204622209802672,4.51367271292066
203_1,minor_road,0,34.69935240215797,-2.4879521698654816,2497.4372953643287,3.409129927545963,2.50272483927764
203_2,minor_road,0,34.72052769829832,-2.4937591473031113,2497.9494257154875,2.948877712621015,1.52497651860462
203_3,minor_road,0,34.741154622363325,-2.4993810193739963,2495.0070694819296,1.8257276887621563,1.9338496768578801
203_4,minor_road,0,34.724140485839094,-2.51171909403756,2495.3944046145684,1.05511096596519,3.53530371836873
203_5,minor_road,0,34.70529535419605,-2.523703881907919,2495.5150790791763,0.8158859455690899,3.62420992913998
203_6,minor_road,0,34.68511565361875,-2.516995892153432,2495.24631709392,2.4500941251590924,5.67191604145392
203_7,minor_road,0,34.66520272068765,-2.5115699609921043,2496.958409076577,0.5562134432444469,7.06452608659822
203_8,minor_road,0,34.64749054682671,-2.499048703911402,2489.2285136227197,1.0891651139393512,8.3796218464036
203_9,minor_road,0,34.64565683335177,-2.4797115240646126,2493.875927985354,0.7792871135826935,7.9406006188118
203_10,minor_road,0,34.6251601118675,-2.476446997182542,2495.648622713343,0.3805662337914053,7.23093180072404
203_11,minor_road,0,34.6049429413895,-2.4682828853064405,2497.2490248219865,0.3519537499307766,6.33133358823798
203_12,minor_road,0,34.58411008463396,-2.46876994944099,2497.653901475236,0.5375962281639804,4.0168159477201
203_13,minor_road,0,34.56296368292583,-2.463558335030232,2494.543133621284,2.761562625856849,1.8930456831559699
204_1,minor_road,0,34.552127300353014,-2.2867775813980815,2485.3058350872548,0.14534974161795755,1.82006803777526
206_1,major_road,0,34.84788253465019,-2.3104562003695555,2488.260420533759,0.5225689884707465,3.4372738372147302
206_2,major_road,0,34.86557221157879,-2.2996004353403112,2498.4377154109025,0.6830218231126247,5.06298978634075
206_3,major_road,0,34.88759562110267,-2.300150609787997,2498.9334913874045,0.8965772060851953,2.6226994647576
206_4,major_road,0,34.90919983395777,-2.2997568162036077,2497.259704050118,0.44158433265466346,0.303489535406153
206_5,major_road,0,34.92682803629744,-2.2893302969758653,2490.514536153342,0.2601055842332288,1.98599032064893
206_6,major_road,0,34.937104541339295,-2.2703419912451,2490.060587746585,0.18651562049950615,4.19247448876789
206_7,major_road,0,34.95254359807149,-2.2542847810781224,2491.012326061172,0.23775822034822391,3.5992996534976203
206_8,major_road,0,34.96442047674592,-2.235858726294553,2487.4120825670534,0.3871715190171188,1.18775897497902
206_9,major_road,0,34.96723232360929,-2.214481097752919,2488.7558380711457,0.5636613346944194,1.01488012500551
206_10,major_road,0,34.978745409918645,-2.1962573202174127,2489.7197852703052,0.4200288048328717,3.27951815352748
206_11,major_road,0,34.99287907593164,-2.1792144143043553,2492.4440432556635,0.9264532266888402,5.66518989365197
206_12,major_road,0,35.01075308904221,-2.165866619272444,2494.171048380196,0.20799082137951383,7.96340297260698
206_13,major_road,0,35.027062984111474,-2.1505139236333473,2492.6233865576933,0.28992401392945794,10.4083616078502
206_14,major_road,0,35.04357380301374,-2.1353565514534276,2491.67418196932,0.1342152720682568,12.866241228818101
206_15,major_road,0,35.05877630856707,-2.1191021793039395,2492.1896761200564,0.2788872354488211,14.900815683732
206_16,major_road,0,35.0743655333886,-2.1029250033316353,2492.306318257333,0.14014926548355558,13.8509358276439
206_17,major_road,0,35.0923193341198,-2.090465871567515,2497.736237274756,0.32714357708838593,11.5159787167457
206_18,major_road,0,35.11142232405569,-2.0802456393407356,2492.0352158790106,0.5148899081367299,9.36705254171979
206_19,major_road,0,35.12727437801721,-2.0645408142410324,2493.1189575918747,1.0557478136439034,6.98253693235787
206_20,major_road,0,35.13576226609002,-2.0454751923166796,2484.963905807822,0.2782525097000649,4.67808353370542
206_21,major_road,0,35.138686178713726,-2.0232505924942767,2485.497609526436,0.18119670815835456,2.5380248418700697
206_22,major_road,0,35.149732972608064,-2.0048408081071165,2490.9721307408945,0.3619697847230183,0.811849123397477
